property_name,property_area_or_psf,property_total_price
Pahang Street,"4,000 sqft / $5.95 psf(Built)","$23,800"
Amoy Street,"1,200 sqft / $10.00 psf(Built)","$12,000"
Changi Road,"1,500 sqft / $5.20 psf(Built)","$7,800"
Kallang Way,150 sqft / $20.00 psf(Built),"$3,000"
Boat Quay Conservation Area,"5,500 sqft / $7.96 psf(Built)","$43,800"
Boat Quay Conservation Area,"3,200 sqft / $8.13 psf(Built)","$26,000"
City Hall Square,"2,530 sqft / $13.00 psf(Built)","$32,890"
Neil Road,"1,269 sqft / $3.78 psf(Built)","$4,800"
New Bridge Road,"1,373 sqft / $8.74 psf(Built)","$12,000"
Amoy Street,"1,819 sqft / $6.50 psf(Built)","$11,824"
Pekin Street,936 sqft / $7.40 psf(Built),"$6,927"
One Raffles Place,"10,258 sqft / $8.00 psf(Built)","$82,064"
One Raffles Place,"2,174 sqft / $23.00 psf(Built)","$50,002"
Jalan Bukit Merah,250 sqft / $10.00 psf(Built),"$2,500"
Amoy Street,936 sqft / $8.01 psf(Built),"$7,500"
Ubi Avenue 1,300 sqft / $13.33 psf(Built),"$4,000"
Bukit Purmei Road,300 sqft / $14.00 psf(Built),"$4,200"
Pasir Panjang Road,"3,500 sqft / $5.29 psf(Built)","$18,500"
Ang Mo Kio Avenue 4,320 sqft / $16.81 psf(Built),"$5,380"
Sims Avenue,"1,350 sqft / $6.58 psf(Built)","$8,888"
Pantech Business Hub,600 sqft / $2.83 psf(Built),"$1,700"
Duxton Road,"1,490 sqft / $11.07 psf(Built)","$16,500"
New Upper Changi Road,705 sqft / $11.35 psf(Built),"$8,000"
Sin Ming Road,300 sqft / $9.17 psf(Built),"$2,750"
Holland Village,"1,350 sqft / $20.74 psf(Built)","$28,000"
42 Chai Chee Street,721 sqft / $6.80 psf(Built),"$4,900"
5 Banda Street,200 sqft / $12.50 psf(Built),"$2,500"
Clive Street,"4,000 sqft / $4.13 psf(Built)","$16,500"
Serangoon Road,"2,000 sqft / $3.63 psf(Built)","$7,250"
Syed Alwi Road,"2,000 sqft / $9.00 psf(Built)","$18,000"
Little India Conservation Area,"2,000 sqft / $5.75 psf(Built)","$11,500"
Kampong Glam Conservation Area,"1,000 sqft / $8.00 psf(Built)","$8,000"
Little India Conservation Area,"2,000 sqft / $6.00 psf(Built)","$12,000"
Syed Alwi Road,900 sqft / $17.78 psf(Built),"$16,000"
5 Everton Park,350 sqft / $10.00 psf(Built),"$3,500"
Birch Road,"2,820 sqft / $5.60 psf(Built)","$15,800"
Race Course Road,"5,000 sqft / $10.00 psf(Built)","$50,000"
Toa Payoh Central,80 sqft / $56.25 psf(Built),"$4,500"
Serangoon North Avenue 1,"1,475 sqft / $6.78 psf(Built)","$10,000"
South Bridge Road,"3,418 sqft / $9.36 psf(Built)","$32,000"
Lavender Street,"1,735 sqft / $4.90 psf(Built)","$8,500"
Balestier Hill Shopping Centre,311 sqft / $6.43 psf(Built),"$2,000"
Ang Mo Kio Avenue 8,900 sqft / $5.33 psf(Built),"$4,800"
475 Tampines Street 44,215 sqft / $13.95 psf(Built),"$3,000"
Geylang Road,"2,000 sqft / $3.40 psf(Built)","$6,800"
Duxton Road,600 sqft / $11.67 psf(Built),"$7,000"
Tanjong Pagar Conservation Area,"1,000 sqft / $7.00 psf(Built)","$7,000"
Tanjong Pagar Conservation Area,"1,200 sqft / $7.33 psf(Built)","$8,800"
Tras Street,"2,500 sqft / $7.20 psf(Built)","$18,000"
Jurong Gateway,"1,668 sqft / $11.99 psf(Built)","$20,000"
Aljunied Avenue 2,330 sqft / $11.52 psf(Built),"$3,800"
Geylang Road,"1,600 sqft / $3.25 psf(Built)","$5,200"
Jurong Gateway Road,"3,530 sqft / $11.33 psf(Built)","$40,000"
South Bridge Road,"1,500 sqft / $6.00 psf(Built)","$9,000"
Changi Village Road,750 sqft / $10.00 psf(Built),"$7,500"
Balestier Road,"2,600 sqft / $2.69 psf(Built)","$7,000"
Little India Conservation Area,350 sqft / $7.14 psf(Built),"$2,500"
New Bridge Road,"1,373 sqft / $8.74 psf(Built)","$12,000"
Braddell Heights Estate,"1,450 sqft / $4.48 psf(Built)","$6,500"
Sultan plaza,215 sqft / $9.30 psf(Built),"$2,000"
Mosque Street,"1,717 sqft / $11.65 psf(Built)","$20,000"
Boat Quay Conservation Area,"1,535 sqft / $5.86 psf(Built)","$9,000"
Cuppage Plaza,312 sqft / $8.97 psf(Built),"$2,800"
Amoy Street,"1,200 sqft / $10.00 psf(Built)","$12,000"
Amoy Street,"1,200 sqft / $10.00 psf(Built)","$12,000"
Serangoon Road,"1,400 sqft / $5.71 psf(Built)","$8,000"
One Raffles Place,484 sqft / $36.00 psf(Built),"$17,424"
Boat Quay Conservation Area,"1,200 sqft / $4.17 psf(Built)","$5,000"
One Raffles Place,947 sqft / $25.00 psf(Built),"$23,675"
Lam Soon Industrial Building,"3,670 sqft / $8.00 psf(Built)","$29,360"
Lavender Place,808 sqft / $7.49 psf(Built),"$6,052"
Tanjong Katong Road,"1,600 sqft / $6.13 psf(Built)","$9,800"
Lorong 36 Geylang,"1,500 sqft / $3.67 psf(Built)","$5,500"
Syed Alwi Road,"1,200 sqft / $15.00 psf(Built)","$18,000"
Lorong 40 Geylang,150 sqft / $10.00 psf(Built),"$1,500"
Tampines Street 81,350 sqft / $27.14 psf(Built),"$9,500"
CT FoodCHAIN,"7,040 sqft / $2.70 psf(Built)","$18,976"
Food Xchange @ Admiralty,"3,885 sqft / $2.57 psf(Built)","$10,000"
South Bridge Road,"1,457 sqft / $6.18 psf(Built)","$9,000"
Bliss Residences,764 sqft / $9.16 psf(Built),"$7,000"
Changi Road,"1,500 sqft / $8.00 psf(Built)","$12,000"
Lavender Street,"1,534 sqft / $7.75 psf(Built)","$11,888"
Upper Paya Lebar Road,"2,900 sqft / $4.14 psf(Built)","$12,000"
Neil Road,"1,269 sqft / $3.78 psf(Built)","$4,800"
705 Ang Mo Kio Avenue 8,700 sqft / $6.86 psf(Built),"$4,800"
Bukit Pasoh Conservation Area,"1,200 sqft / $3.33 psf(Built)","$4,000"
Sims Avenue,"1,987 sqft / $8.05 psf(Built)","$16,000"
Serangoon Road,"2,000 sqft / $5.15 psf(Built)","$10,300"
116 aljunied avenue 2,700 sqft / $15.71 psf(Built),"$11,000"
Sims Avenue,"1,300 sqft / $5.23 psf(Built)","$6,800"
Sims Avenue,"1,300 sqft / $5.23 psf(Built)","$6,800"
Desker Road Conservation Area,"2,153 sqft / $5.34 psf(Built)","$11,500"
116 aljunied avenue 2,700 sqft / $15.71 psf(Built),"$11,000"
116 aljunied avenue 2,700 sqft / $15.71 psf(Built),"$11,000"
Far East Plaza,300 sqft / $13.33 psf(Built),"$4,000"
Jalan Besar,"1,800 sqft / $5.56 psf(Built)","$10,000"
Balestier Road,"2,500 sqft / $6.00 psf(Built)","$15,000"
Circular Road,"1,200 sqft / $4.58 psf(Built)","$5,500"
Ubi Avenue 1,683 sqft / $10.54 psf(Built),"$7,200"
Jurong East Street 13,807 sqft / $5.58 psf(Built),"$4,500"
Joo Chiat Road,"1,400 sqft / $4.64 psf(Built)","$6,500"
Sims Avenue,"1,300 sqft / $5.23 psf(Built)","$6,800"
Sims Avenue,"1,300 sqft / $5.23 psf(Built)","$6,800"
Sims Avenue,"1,300 sqft / $5.23 psf(Built)","$6,800"
Geylang Road,"3,100 sqft / $3.06 psf(Built)","$9,500"
South Bridge Road,"3,328 sqft / $9.01 psf(Built)","$30,000"
Mosque Street,"1,717 sqft / $11.65 psf(Built)","$20,000"
Teo Hong Road,"4,630 sqft / $10.58 psf(Built)","$49,000"
Boat Quay Conservation Area,"2,539 sqft / $9.85 psf(Built)","$25,000"
Kallang Bahru,"2,612 sqft / $6.01 psf(Built)","$15,700"
Chin Swee Road,800 sqft / $4.38 psf(Built),"$3,500"
Little India Conservation Area,"1,053 sqft / $7.60 psf(Built)","$8,000"
Kallang Place,"1,952 sqft / $1.90 psf(Built)","$3,709"
Hougang Avenue 4,253 sqft / $23.72 psf(Built),"$6,000"
Little India Conservation Area,590 sqft / $5.08 psf(Built),"$3,000"
Kerbau Road,"1,400 sqft / $4.57 psf(Built)","$6,400"
Clementi Avenue 2 Shopping Centre,700 sqft / $9.29 psf(Built),"$6,500"
Kovan MRT,"1,065 sqft / $5.45 psf(Built)","$5,800"
Woodlands Bizhub,440 sqft / $3.30 psf(Built),"$1,450"
Geylang Road,900 sqft / $3.33 psf(Built),"$3,000"
Geylang Road,985 sqft / $3.05 psf(Built),"$3,000"
Tanjong Pagar Conservation Area,"1,410 sqft / $7.45 psf(Built)","$10,500"
Craig Road,"1,410 sqft / $7.45 psf(Built)","$10,500"
Neil Road,"1,600 sqft / $6.88 psf(Built)","$11,000"
Bukit Pasoh Road,"1,600 sqft / $6.88 psf(Built)","$11,000"
New Bridge Road,"1,373 sqft / $8.74 psf(Built)","$12,000"
Bukit Pasoh Conservation Area,"1,600 sqft / $6.88 psf(Built)","$11,000"
Blair Plain Conservation Area,"1,039 sqft / $4.81 psf(Built)","$4,999"
North Bridge Road,"4,199 sqft / $4.00 psf(Built)","$16,800"
Sembawang Springs Estate,"1,260 sqft / $6.98 psf(Built)","$8,800"
Chijmes,870 sqft / $19.40 psf(Built),"$16,880"
Chijmes,"1,044 sqft / $16.17 psf(Built)","$16,880"
Duxton Road,"4,000 sqft / $9.97 psf(Built)","$39,880"
North Bridge Road,"2,890 sqft / $4.15 psf(Built)","$12,000"
Mustafa Centre,"1,800 sqft / $6.05 psf(Built)","$10,888"
Bedok North Street 4,250 sqft / $14.00 psf(Built),"$3,500"
5 Banda Street,200 sqft / $15.00 psf(Built),"$3,000"
Jalan Besar,210 sqft / $10.95 psf(Built),"$2,300"
Ang Mo Kio Avenue 1,366 sqft / $9.56 psf(Built),"$3,500"
Horizon Green,100 sqft / $11.00 psf(Built),"$1,100"
Clementi Avenue 3,"1,850 sqft / $7.03 psf(Built)","$13,000"
Tampines Street 81,400 sqft / $16.25 psf(Built),"$6,500"
Lavender Street,"1,534 sqft / $7.50 psf(Built)","$11,505"
Clementi Avenue 3,"1,141 sqft / $6.05 psf(Built)","$6,900"
Jalan Bukit Merah,750 sqft / $10.00 psf(Built),"$7,500"
Bugis Point,"2,140 sqft / $18.69 psf(Built)","$40,000"
Balestier Road,200 sqft / $15.00 psf(Built),"$3,000"
Jalan Bukit Merah,624 sqft / $9.94 psf(Built),"$6,200"
Bukit Batok Street 31,"1,025 sqft / $14.52 psf(Built)","$14,880"
Silat Avenue,732 sqft / $6.15 psf(Built),"$4,500"
North Bridge Road,"4,199 sqft / $4.00 psf(Built)","$16,800"
Jalan Besar,"1,550 sqft / $7.74 psf(Built)","$12,000"
River Valley Road,"1,044 sqft / $4.79 psf(Built)","$5,000"
New Bridge Road,"2,900 sqft / $8.97 psf(Built)","$26,000"
Pekin Street,936 sqft / $7.40 psf(Built),"$6,928"
Waterloo Street,300 sqft / $7.67 psf(Built),"$2,300"
Duxton Road,"1,950 sqft / $10.26 psf(Built)","$20,000"
Tanjong Pagar Conservation Area,"1,000 sqft / $6.50 psf(Built)","$6,500"
Pekin Street,"1,851 sqft / $6.50 psf(Built)","$12,031"
Tras Street,"1,600 sqft / $6.56 psf(Built)","$10,500"
Duxton Road,"1,100 sqft / $9.09 psf(Built)","$10,000"
Tanjong Pagar Conservation Area,"1,200 sqft / $6.67 psf(Built)","$8,000"
Duxton Road,900 sqft / $6.44 psf(Built),"$5,800"
Tras Street,"1,300 sqft / $6.54 psf(Built)","$8,500"
Duxton Road,600 sqft / $6.33 psf(Built),"$3,800"
Tras Street,"1,900 sqft / $5.16 psf(Built)","$9,800"
Tanjong Pagar Conservation Area,"1,950 sqft / $10.26 psf(Built)","$20,000"
Tan See Swan & Sons Building,732 sqft / $5.46 psf(Built),"$4,000"
Tanjong Pagar Conservation Area,"1,000 sqft / $7.00 psf(Built)","$7,000"
Eng Kong Park,"1,500 sqft / $2.80 psf(Built)","$4,200"
Bali Lane,"1,227 sqft / $5.60 psf(Built)","$6,870"
Amoy Street,"1,819 sqft / $6.49 psf(Built)","$11,800"
Tanjong Pagar Conservation Area,"1,410 sqft / $7.80 psf(Built)","$11,000"
Tat Ann Building,191 sqft / $4.19 psf(Built),$800
Sin Cheong Building,"1,525 sqft / $3.50 psf(Built)","$5,338"
River Valley Road,500 sqft / $7.00 psf(Built),"$3,500"
Mohamed Sultan Road,500 sqft / $7.00 psf(Built),"$3,500"
Holland Village,"2,290 sqft / $12.66 psf(Built)","$29,000"
Holland Village,"2,290 sqft / $12.66 psf(Built)","$29,000"
Bedok Reservoir Road,883 sqft / $13.02 psf(Built),"$11,500"
Aljunied Avenue 2,200 sqft / $30.00 psf(Built),"$6,000"
Boat Quay Conservation Area,840 sqft / $12.00 psf(Built),"$10,080"
Boat Quay Conservation Area,624 sqft / $12.00 psf(Built),"$7,488"
Mustafa Centre,"1,474 sqft / $9.49 psf(Built)","$13,988"
90 owen road,"1,603 sqft / $5.30 psf(Built)","$8,500"
★★ 2 storey Massage Shop Takeover @ Kovan ★★,"1,600 sqft / $5.00 psf(Built)","$8,000"
"★★ Cheap Ang Mo Kio Central shop, ready for takeover ★★",400 sqft / $17.50 psf(Built),"$7,000"
Hamilton Road,"1,700 sqft / $4.00 psf(Built)","$6,800"
"HDB shop opp hawker, facing main road, near coffeeshops ★★",750 sqft / $14.67 psf(Built),"$11,000"
Armenian Street,"3,056 sqft / $7.79 psf(Built)","$23,800"
Owen Road,"3,000 sqft / $4.83 psf(Built)","$14,500"
New Bridge Road,"1,373 sqft / $8.74 psf(Built)","$12,000"
Mohamed Sultan Road,826 sqft / $5.70 psf(Built),"$4,712"
Jurong Gateway,350 sqft / $4.29 psf(Built),"$1,500"
Blair Plain Conservation Area,890 sqft / $6.52 psf(Built),"$5,800"
Townshend Road,"1,222 sqft / $8.02 psf(Built)","$9,800"
Bishan Street 11,987 sqft / $6.08 psf(Built),"$6,000"
90 owen road,"1,300 sqft / $8.46 psf(Built)","$11,000"
New Bridge Road,"1,373 sqft / $8.74 psf(Built)","$12,000"
Tras Street,"2,500 sqft / $7.20 psf(Built)","$18,000"
Toa Payoh Central,530 sqft / $30.00 psf(Built),"$15,900"
Ue Bizhub East,"1,216 sqft / $9.87 psf(Built)","$12,000"
Boat Quay Conservation Area,"2,300 sqft / $8.00 psf(Built)","$18,400"
The Signature,"7,278 sqft / $6.73 psf(Built)","$49,000"
Holland Village,"2,290 sqft / $12.66 psf(Built)","$29,000"
The Rochester Mall - F&B/Retails For Lease,"1,632 sqft / $6.99 psf(Built)","$11,400"
UE Bizhub East @CBP - F&B / Retails for lease,"1,805 sqft / $8.86 psf(Built)","$15,999"
Holland Village,"1,800 sqft / $13.89 psf(Built)","$25,000"
The Signature,"7,278 sqft / $4.95 psf(Built)","$36,000"
Serangoon Road,"1,400 sqft / $3.14 psf(Built)","$4,400"
Junction Nine,624 sqft / $8.49 psf(Built),"$5,300"
West Coast Plaza,300 sqft / $16.67 psf(Built),"$5,000"
WOODLANDS MRT STATION (TE2),429 sqft / $14.04 psf(Built),"$6,023"
Geylang Road,"1,400 sqft / $3.14 psf(Built)","$4,400"
Holland Village,"1,800 sqft / $13.89 psf(Built)","$25,000"
Geylang Road,"1,000 sqft / $6.50 psf(Built)","$6,500"
Emerald Hill Road,"3,000 sqft / $6.00 psf(Built)","$18,000"
Sam Leong Road,"1,300 sqft / $7.69 psf(Built)","$10,000"
Clementi Avenue 3,305 sqft / $39.02 psf(Built),"$11,900"
Clementi Avenue 3,700 sqft / $6.43 psf(Built),"$4,500"
Craig Road,"1,500 sqft / $10.67 psf(Built)","$16,000"
Ann Siang Road,"2,400 sqft / $15.83 psf(Built)","$38,000"
Bedok South Road,300 sqft / $23.33 psf(Built),"$7,000"
Bukit Pasoh Conservation Area,"1,729 sqft / $14.46 psf(Built)","$25,000"
Mosque Street,"1,719 sqft / $8.73 psf(Built)","$15,000"
Mayflower Shopping & Food Centre,800 sqft / $5.25 psf(Built),"$4,200"
Bukit Pasoh Conservation Area,"1,700 sqft / $14.71 psf(Built)","$25,000"
Ubi Avenue 1,350 sqft / $11.43 psf(Built),"$4,000"
Desker Road * F&B Approved,"3,000 sqft / $5.33 psf(Built)","$16,000"
Duxton Hill,"1,117 sqft / $13.43 psf(Built)","$15,000"
Ang Siang Hill,"2,500 sqft / $16.00 psf(Built)","$40,000"
Chai Chee Road,100 sqft / $30.00 psf(Built),"$3,000"
Hongkong Street,"5,700 sqft / $5.79 psf(Built)","$33,000"
Boat Quay Conservation Area,"1,115 sqft / $4.93 psf(Built)","$5,500"
Bukit Merah Central,275 sqft / $9.09 psf(Built),"$2,500"
Tanjong Pagar Plaza,240 sqft / $7.08 psf(Built),"$1,700"
New Bridge Road,"1,373 sqft / $8.74 psf(Built)","$12,000"
New Bridge Road,"1,373 sqft / $8.74 psf(Built)","$12,000"
Pagoda Street,"1,820 sqft / $9.89 psf(Built)","$18,000"
Redhill Close,320 sqft / $13.13 psf(Built),"$4,200"
Jalan Bukit Merah,375 sqft / $10.00 psf(Built),"$3,750"
Bedok South Avenue 3,"1,464 sqft / $6.15 psf(Built)","$9,000"
Amoy Street,"1,819 sqft / $6.50 psf(Built)","$11,823"
Lavender,"1,368 sqft / $6.43 psf(Built)","$8,800"
Kallang Bahru,"2,612 sqft / $6.00 psf(Built)","$15,675"
Amoy Street,900 sqft / $12.00 psf(Built),"$10,800"
Amoy Street,900 sqft / $12.00 psf(Built),"$10,800"
Jurong East Avenue 1,"1,800 sqft / $5.39 psf(Built)","$9,700"
Amoy Street,"1,819 sqft / $6.50 psf(Built)","$11,823"
Lavender Street,"1,534 sqft / $7.50 psf(Built)","$11,500"
Telok Blangah Heights,350 sqft / $8.00 psf(Built),"$2,800"
North Canal Road,"1,100 sqft / $6.36 psf(Built)","$7,000"
Tanjong Katong Road,"1,600 sqft / $6.13 psf(Built)","$9,800"
Pasir Panjang Road,"5,640 sqft / $3.19 psf(Built)","$18,000"
Circular Road,"1,100 sqft / $6.36 psf(Built)","$7,000"
Lorong Telok,"1,100 sqft / $6.36 psf(Built)","$7,000"
Boat Quay,"1,100 sqft / $6.36 psf(Built)","$7,000"
South Bridge Road,"1,250 sqft / $7.20 psf(Built)","$9,000"
Trengganu Street,"1,250 sqft / $7.20 psf(Built)","$9,000"
Sago Street,"1,250 sqft / $7.20 psf(Built)","$9,000"
Sago Street,"1,250 sqft / $7.20 psf(Built)","$9,000"
Smith Street,"1,250 sqft / $7.20 psf(Built)","$9,000"
Temple Street,"1,250 sqft / $7.20 psf(Built)","$9,000"
Kreta Ayer Conservation Area,"1,250 sqft / $7.20 psf(Built)","$9,000"
Kreta Ayer Conservation Area,"1,250 sqft / $7.20 psf(Built)","$9,000"
Tanjong Pagar Conservation Area,"3,900 sqft / $8.08 psf(Built)","$31,500"
Bussorah Street,"1,200 sqft / $10.00 psf(Built)","$12,000"
Circular Road,840 sqft / $12.00 psf(Built),"$10,080"
North Bridge Road,"1,402 sqft / $6.42 psf(Built)","$9,000"
Kreta Ayer Conservation Area,900 sqft / $4.22 psf(Built),"$3,800"
New Bridge Road,"2,600 sqft / $6.92 psf(Built)","$18,000"
Carpenter Street,"2,600 sqft / $6.92 psf(Built)","$18,000"
Hongkong Street,"2,600 sqft / $6.92 psf(Built)","$18,000"
Boat Quay Conservation Area,"1,600 sqft / $6.25 psf(Built)","$10,000"
Bishan Street 11,350 sqft / $5.14 psf(Built),"$1,800"
"Desker Road - Ground floor F&B,subject to approval","1,100 sqft / $8.64 psf(Built)","$9,500"
shophouse for rent 旺铺招租,"2,950 sqft / $6.78 psf(Built)","$20,000"
Circular Road,840 sqft / $12.00 psf(Built),"$10,080"
Hongkong Street,"1,970 sqft / $6.90 psf(Built)","$13,600"
Hongkong Street,985 sqft / $6.90 psf(Built),"$6,800"
Carpenter Street,"1,373 sqft / $8.74 psf(Built)","$12,000"
New Bridge Road,"1,373 sqft / $8.74 psf(Built)","$12,000"
Hongkong Street,"1,373 sqft / $8.74 psf(Built)","$12,000"
Telok Ayer Conservation Area,939 sqft / $10.54 psf(Built),"$9,900"
North Canal Road,840 sqft / $11.90 psf(Built),"$10,000"
Lorong Telok,840 sqft / $11.90 psf(Built),"$10,000"
Circular Road,840 sqft / $11.90 psf(Built),"$10,000"
Tanjong Pagar Road,"4,688 sqft / $6.40 psf(Built)","$30,000"
Tanjong Pagar Road,"3,288 sqft / $6.08 psf(Built)","$20,000"
Tanjong Pagar Road,"2,800 sqft / $7.14 psf(Built)","$20,000"
Tanjong Pagar Road,"1,888 sqft / $5.30 psf(Built)","$10,000"
Tanjong Pagar Road,"1,400 sqft / $7.14 psf(Built)","$10,000"
Mosque Street,"1,717 sqft / $11.65 psf(Built)","$20,000"
New Upper Changi Road,255 sqft / $25.49 psf(Built),"$6,500"
Nguang Building,948 sqft / $4.01 psf(Built),"$3,800"
Norris Road,746 sqft / $4.42 psf(Built),"$3,300"
Cheng San Centre,27 sqft / $96.30 psf(Built),"$2,600"
Tanjong Pagar Road,"1,600 sqft / $8.13 psf(Built)","$13,000"
Tras Street,"1,600 sqft / $8.13 psf(Built)","$13,000"
Tanjong Pagar Conservation Area,"1,200 sqft / $6.67 psf(Built)","$8,000"
Tanjong Pagar Conservation Area,"1,200 sqft / $6.67 psf(Built)","$8,000"
Tanjong Pagar Road,"1,500 sqft / $5.73 psf(Built)","$8,600"
Tras Street,"1,500 sqft / $5.73 psf(Built)","$8,600"
Neil Road,"2,200 sqft / $6.14 psf(Built)","$13,500"
Chander Road,"1,200 sqft / $6.00 psf(Built)","$7,200"
East Coast Road,700 sqft / $5.71 psf(Built),"$4,000"
Telok Ayer Conservation Area,"1,819 sqft / $6.50 psf(Built)","$11,815"
Telok Ayer Conservation Area,"1,819 sqft / $6.50 psf(Built)","$11,815"
Mosque Street,"1,717 sqft / $11.65 psf(Built)","$20,000"
"★★ Jurong east tuition centre, avail Oct 22 ★★","1,000 sqft / $3.80 psf(Built)","$3,800"
Ann siang hill,"1,173 sqft / $11.94 psf(Built)","$14,000"
Circular Road,840 sqft / $12.00 psf(Built),"$10,080"
Circular Road,624 sqft / $12.00 psf(Built),"$7,488"
Along Kerbau road,"1,000 sqft / $7.50 psf(Built)","$7,500"
Tanjong Pagar Conservation Area,"1,600 sqft / $8.13 psf(Built)","$13,000"
Tanjong Pagar Conservation Area,"1,200 sqft / $7.33 psf(Built)","$8,800"
⭐ Cheap 2 storey shophouse @ Farrer Park - dont miss it ⭐,"1,600 sqft / $5.19 psf(Built)","$8,300"
Kampong glam,"1,400 sqft / $9.86 psf(Built)","$13,800"
Geylang Bahru,731 sqft / $9.58 psf(Built),"$7,000"
Hougang Avenue 1,720 sqft / $16.39 psf(Built),"$11,800"
"★★ Joo Chiat Office for rent, avail Sep 22 ★★","1,300 sqft / $3.23 psf(Built)","$4,200"
Clementi Avenue 3,"2,250 sqft / $11.11 psf(Built)","$25,000"
Toa Payoh Central,580 sqft / $28.97 psf(Built),"$16,800"
Jalan Besar,"1,317 sqft / $4.18 psf(Built)","$5,500"
Tanjong Pagar Conservation Area,"1,475 sqft / $11.86 psf(Built)","$17,500"
Mohamed Sultan Road,"1,183 sqft / $5.00 psf(Built)","$5,920"
190 Lor 6 Toa Payoh,650 sqft / $30.77 psf(Built),"$20,000"
City Gate,680 sqft / $7.35 psf(Built),"$5,000"
Craig Road,"1,750 sqft / $7.89 psf(Built)","$13,800"
New Bridge Road,"2,900 sqft / $11.03 psf(Built)","$32,000"
Serangoon Central Drive,300 sqft / $16.67 psf(Built),"$5,000"
Arc 380,650 sqft / $3.85 psf(Built),"$2,500"
Mosque Street,"1,717 sqft / $11.65 psf(Built)","$20,000"
Goldhill Plaza,990 sqft / $10.10 psf(Built),"$9,999"
Katong Plaza,462 sqft / $4.50 psf(Built),"$2,079"
Ang Mo Kio Avenue 10,300 sqft / $12.67 psf(Built),"$3,800"
Sims Urban Oasis,678 sqft / $8.85 psf(Built),"$6,000"
West Coast Drive,150 sqft / $5.00 psf(Built),$750
Peck Seah Street,800 sqft / $5.63 psf(Built),"$4,500"
Mayflower Shopping & Food Centre,750 sqft / $4.40 psf(Built),"$3,300"
Cheng San Centre,360 sqft / $13.89 psf(Built),"$5,000"
Pasir Panjang Gardens,300 sqft / $10.00 psf(Built),"$3,000"
259284,463 sqft / $7.13 psf(Built),"$3,300"
NEWest,151 sqft / $19.87 psf(Built),"$3,000"
Changi Village Road,710 sqft / $3.94 psf(Built),"$2,800"
Changi Village Road,"1,420 sqft / $3.66 psf(Built)","$5,200"
East Coast Road,"2,284 sqft / $5.25 psf(Built)","$12,000"
Upper Cross Street,180 sqft / $15.56 psf(Built),"$2,800"
Telok Ayer Street,"2,000 sqft / $11.00 psf(Built)","$22,000"
Telok Ayer Conservation Area,"2,939 sqft / $7.00 psf(Built)","$20,573"
Jalan Bukit Merah,750 sqft / $9.33 psf(Built),"$7,000"
Bishan Street 11,330 sqft / $6.67 psf(Built),"$2,200"
Aliwal Street,"3,750 sqft / $9.33 psf(Built)","$35,000"
Le Somme,355 sqft / $9.86 psf(Built),"$3,500"
★★ BUSY Bukit Batok shop for rent - dont miss it ★★,200 sqft / $35.00 psf(Built),"$7,000"
Sago Street,"1,082 sqft / $11.09 psf(Built)","$12,000"
South Bridge Road,728 sqft / $7.97 psf(Built),"$5,800"
Bedok North Street 3,735 sqft / $6.53 psf(Built),"$4,800"
Bishan Green,"1,571 sqft / $5.41 psf(Built)","$8,500"
85 kampong bahru,"1,200 sqft / $5.67 psf(Built)","$6,800"
Pagoda Street,"1,200 sqft / $10.00 psf(Built)","$12,000"
Ang Mo Kio Avenue 1,732 sqft / $8.88 psf(Built),"$6,500"
Tanjong Pagar Road,"2,170 sqft / $12.00 psf(Built)","$26,040"
China Street,"2,422 sqft / $12.00 psf(Built)","$29,064"
48547,"3,035 sqft / $15.00 psf(Built)","$45,525"
48547,787 sqft / $15.00 psf(Built),"$11,805"
48547,"1,098 sqft / $15.00 psf(Built)","$16,470"
New Bridge Road,"2,900 sqft / $11.03 psf(Built)","$32,000"
Trengganu Street,"1,000 sqft / $8.00 psf(Built)","$8,000"
Mosque Street,"1,200 sqft / $11.67 psf(Built)","$14,000"
Carpenter Street,985 sqft / $6.90 psf(Built),"$6,800"
Kreta Ayer Conservation Area,"1,400 sqft / $12.86 psf(Built)","$18,000"
Kreta Ayer Conservation Area,"1,250 sqft / $7.20 psf(Built)","$9,000"
Mosque Street,"1,250 sqft / $7.20 psf(Built)","$9,000"
Upper Circular Road,"1,373 sqft / $8.74 psf(Built)","$12,000"
North Canal Road,"1,373 sqft / $8.74 psf(Built)","$12,000"
North Canal Road,"1,440 sqft / $6.94 psf(Built)","$10,000"
Tanjong Pagar Conservation Area,"1,900 sqft / $7.63 psf(Built)","$14,500"
Mosque Street,"1,717 sqft / $11.65 psf(Built)","$20,000"
Mosque Street,"1,700 sqft / $11.76 psf(Built)","$20,000"
Bukit Merah Lane 1,250 sqft / $15.95 psf(Built),"$3,988"
Lavender Street,"3,450 sqft / $4.93 psf(Built)","$17,000"
Lavender Street,"1,730 sqft / $4.91 psf(Built)","$8,500"
Neil Road,"1,269 sqft / $3.78 psf(Built)","$4,800"
Jurong West Street 92,500 sqft / $7.60 psf(Built),"$3,800"
Serangoon Avenue 3,700 sqft / $11.43 psf(Built),"$8,000"
Le Regal,151 sqft / $8.53 psf(Built),"$1,288"
Stadium Walk,"2,042 sqft / $11.75 psf(Built)","$24,000"
Jalan Bukit Merah,750 sqft / $9.33 psf(Built),"$7,000"
Ang Mo Kio Central 2,"2,000 sqft / $10.00 psf(Built)","$20,000"
Serangoon Avenue 3,700 sqft / $11.43 psf(Built),"$8,000"
Telok Ayer Conservation Area,"3,320 sqft / $7.53 psf(Built)","$25,000"
Desker Road Conservation Area,"1,070 sqft / $5.51 psf(Built)","$5,900"
Outram Road,"1,316 sqft / $8.36 psf(Built)","$11,000"
Lavender Street,"1,730 sqft / $4.91 psf(Built)","$8,500"
PETAIN RD/TYRWHITT RD CONSERVATION AREA,"1,280 sqft / $9.77 psf(Built)","$12,500"
Tanjong Katong Road,90 sqft / $24.44 psf(Built),"$2,200"
Kampong Bahru Road,"2,000 sqft / $4.25 psf(Built)","$8,500"
Kampong Bahru Road,"2,600 sqft / $5.58 psf(Built)","$14,500"
Amoy Street,"4,860 sqft / $7.82 psf(Built)","$38,000"
Blair Plain Conservation Area,"2,000 sqft / $3.75 psf(Built)","$7,500"
Desker Road Ground floor,"1,300 sqft / $6.54 psf(Built)","$8,500"
New Bridge Road,"2,900 sqft / $11.03 psf(Built)","$32,000"
Amoy Street,"1,026 sqft / $7.44 psf(Built)","$7,635"
Amoy Street,"1,410 sqft / $7.20 psf(Built)","$10,152"
Joo Chiat Road,"2,290 sqft / $2.62 psf(Built)","$6,000"
New Bridge Road,"1,373 sqft / $8.74 psf(Built)","$12,000"
Smith Street,100 sqft / $32.00 psf(Built),"$3,200"
Marina Boulevard,400 sqft / $15.00 psf(Built),"$6,000"
Balestier Road,"1,234 sqft / $3.40 psf(Built)","$4,200"
Jurong West Street 51,700 sqft / $12.86 psf(Built),"$9,000"
Sim Lim Square,"1,496 sqft / $10.03 psf(Built)","$15,000"
Plus,624 sqft / $18.00 psf(Built),"$11,232"
Mosque Street,"3,600 sqft / $6.94 psf(Built)","$25,000"
King's Arcade,"2,500 sqft / $6.40 psf(Built)","$16,000"
Geylang East Avenue 1,120 sqft / $33.33 psf(Built),"$4,000"
Telok Ayer Conservation Area,"6,100 sqft / $8.19 psf(Built)","$49,988"
Norris Road,"1,950 sqft / $3.08 psf(Built)","$5,999"
Lavender Street,"3,450 sqft / $4.93 psf(Built)","$17,000"
Lavender Street,"1,730 sqft / $4.91 psf(Built)","$8,500"
Geylang Road,"1,527 sqft / $5.89 psf(Built)","$9,000"
NEWest,"1,356 sqft / $5.16 psf(Built)","$7,000"
NEWest,"2,712 sqft / $5.46 psf(Built)","$14,800"
Smith Street,"2,500 sqft / $11.60 psf(Built)","$28,989"
Jalan Besar,"1,200 sqft / $4.00 psf(Built)","$4,800"
Chai Chee Road,200 sqft / $13.00 psf(Built),"$2,600"
Furama City Centre Singapore,388 sqft / $6.00 psf(Built),"$2,328"
Furama City Centre Singapore,947 sqft / $6.00 psf(Built),"$5,682"
Furama City Centre Singapore,"1,173 sqft / $6.00 psf(Built)","$7,038"
City Gate,460 sqft / $6.09 psf(Built),"$2,800"
Amoy Street,900 sqft / $12.00 psf(Built),"$10,800"
Bugis Point,"2,140 sqft / $20.00 psf(Built)","$42,800"
Upper Cross Street,"2,200 sqft / $3.64 psf(Built)","$8,000"
Smith Street,"2,500 sqft / $11.96 psf(Built)","$29,898"
Thomson Ridge Estate,200 sqft / $13.00 psf(Built),"$2,600"
Grandeur Park Residences,270 sqft / $22.22 psf(Built),"$6,000"
Neil Road,"4,350 sqft / $8.05 psf(Built)","$35,000"
Sago Lane,"2,450 sqft / $5.31 psf(Built)","$13,000"
South Bridge Road,"1,300 sqft / $7.31 psf(Built)","$9,500"
South Bridge Road,"2,000 sqft / $12.95 psf(Built)","$25,898"
South Bridge Road,"12,000 sqft / $4.16 psf(Built)","$49,959"
Serangoon Avenue 3,190 sqft / $18.42 psf(Built),"$3,500"
Balestier Road,"1,625 sqft / $4.73 psf(Built)","$7,688"
Upper East Coast Road,"2,530 sqft / $4.74 psf(Built)","$12,000"
Keong Saik Road,"2,390 sqft / $13.39 psf(Built)","$32,000"
Telok Ayer Conservation Area,"4,340 sqft / $8.06 psf(Built)","$35,000"
Ang Mo Kio Avenue 10,"1,900 sqft / $4.47 psf(Built)","$8,500"
North Bridge Road,"2,140 sqft / $19.07 psf(Built)","$40,800"
Ang Mo Kio Avenue 10,"1,900 sqft / $4.47 psf(Built)","$8,500"
Telok Ayer Conservation Area,"2,300 sqft / $5.65 psf(Built)","$13,000"
Club Street,"1,300 sqft / $8.46 psf(Built)","$11,000"
Lucky Plaza,"1,000 sqft / $9.00 psf(Built)","$9,000"
Circular Road,"1,000 sqft / $5.20 psf(Built)","$5,200"
South Bridge Road,"1,170 sqft / $11.97 psf(Built)","$14,000"
Neil Road,"4,350 sqft / $8.05 psf(Built)","$35,000"
Sago Street,"2,450 sqft / $5.31 psf(Built)","$13,000"
Smith Street,"2,056 sqft / $13.62 psf(Built)","$28,000"
Smith Street,"3,559 sqft / $9.83 psf(Built)","$35,000"
Bukit Batok East Avenue 4,"1,250 sqft / $7.04 psf(Built)","$8,800"
Serangoon Road,"1,765 sqft / $9.63 psf(Built)","$17,000"
Little India Conservation Area,850 sqft / $8.82 psf(Built),"$7,500"
Grandeur Park Residences,270 sqft / $22.22 psf(Built),"$6,000"
Dunlop st,"2,300 sqft / $6.52 psf(Built)","$15,000"
Changi Road,"2,500 sqft / $2.80 psf(Built)","$7,000"
Circular Road,"3,617 sqft / $4.42 psf(Built)","$16,000"
Desker road,"1,315 sqft / $7.60 psf(Built)","$10,000"
Kampong glam,"1,400 sqft / $9.86 psf(Built)","$13,800"
Upper Cross Street,180 sqft / $15.28 psf(Built),"$2,750"
Trengganu Street,"1,000 sqft / $11.00 psf(Built)","$11,000"
24 Duxton Road,"1,490 sqft / $11.01 psf(Built)","$16,400"
Shamrock Park,"1,300 sqft / $4.23 psf(Built)","$5,500"
Jurong West Street 51,"1,500 sqft / $12.00 psf(Built)","$18,000"
Boat Quay Conservation Area,"2,539 sqft / $9.21 psf(Built)","$23,380"
South Bridge Road,"1,495 sqft / $14.72 psf(Built)","$22,000"
Boat Quay Conservation Area,"2,539 sqft / $9.21 psf(Built)","$23,380"
South Bridge Road,"1,495 sqft / $14.72 psf(Built)","$22,000"
Circular Road,"1,313 sqft / $4.80 psf(Built)","$6,300"
Hougang Street 11,"3,165 sqft / $7.58 psf(Built)","$24,000"
Hougang Street 11,291 sqft / $8.50 psf(Built),"$2,473"
South Bridge Road,"3,218 sqft / $9.32 psf(Built)","$30,000"
Geylang Road,120 sqft / $25.00 psf(Built),"$3,000"
Malacca Street,"1,850 sqft / $9.73 psf(Built)","$18,000"
Boat Quay,"2,400 sqft / $4.58 psf(Built)","$11,000"
Kampong Bahru Road,"1,100 sqft / $6.36 psf(Built)","$7,000"
North Bridge Road,"2,000 sqft / $10.00 psf(Built)","$20,000"
Orchard Towers,130 sqft / $19.23 psf(Built),"$2,500"
Hougang Avenue 1,"1,400 sqft / $10.00 psf(Built)","$14,000"
Neil Road,"1,250 sqft / $7.20 psf(Built)","$9,000"
Neil Road,"2,500 sqft / $3.60 psf(Built)","$9,000"
Simon Road,730 sqft / $7.95 psf(Built),"$5,800"
Telok Kurau Road,"1,000 sqft / $4.50 psf(Built)","$4,500"
Little India Conservation Area,"3,000 sqft / $4.96 psf(Built)","$14,888"
Telok Ayer MRT,"5,490 sqft / $6.50 psf(Built)","$35,688"
Jalan kayu,"1,900 sqft / $7.89 psf(Built)","$15,000"
Telok Blangah Road,237 sqft / $7.59 psf(Built),"$1,800"
Amoy Street,"1,692 sqft / $11.10 psf(Built)","$18,785"
Telok Ayer Conservation Area,"1,685 sqft / $9.50 psf(Built)","$16,000"
Pagoda Street,390 sqft / $23.08 psf(Built),"$9,000"
The Central,"1,375 sqft / $8.72 psf(Built)","$11,988"
Wallich Street,"2,787 sqft / $12.00 psf(Built)","$33,444"
Bedok Reservoir Road,360 sqft / $12.50 psf(Built),"$4,500"
Bedok South Avenue 3,562 sqft / $19.57 psf(Built),"$11,000"
Tanjong Pagar Plaza,450 sqft / $6.44 psf(Built),"$2,900"
Geylang Road,"1,230 sqft / $6.91 psf(Built)","$8,500"
Boat Quay Conservation Area,"3,418 sqft / $9.36 psf(Built)","$32,000"
Armenian Street,"3,056 sqft / $7.79 psf(Built)","$23,800"
Bussorah Street,"2,200 sqft / $13.64 psf(Built)","$30,000"
Bukit Pasoh Conservation Area,"1,400 sqft / $20.00 psf(Built)","$28,000"
Hongkong Street,"7,500 sqft / $4.00 psf(Built)","$30,000"
North Bridge Road,"2,140 sqft / $20.00 psf(Built)","$42,800"
Lorong 8 Toa Payoh,300 sqft / $7.33 psf(Built),"$2,200"
Yishun Avenue 11,500 sqft / $32.00 psf(Built),"$16,000"
North Bridge Road,"2,140 sqft / $18.69 psf(Built)","$40,000"
Telok Kurau Road,"1,750 sqft / $4.29 psf(Built)","$7,500"
Club Street,"1,900 sqft / $4.21 psf(Built)","$8,000"
Robertson Walk,"8,511 sqft / $7.00 psf(Built)","$59,577"
Tras Street,"1,800 sqft / $10.00 psf(Built)","$18,000"
Hongkong Street,"7,500 sqft / $4.00 psf(Built)","$30,000"
Nankin Row,459 sqft / $10.89 psf(Built),"$5,000"
Keong Saik Road,"2,800 sqft / $100.00 psf(Built)","$280,000"
St. Georges Road,400 sqft / $7.75 psf(Built),"$3,100"
Marine Terrace,400 sqft / $24.75 psf(Built),"$9,900"
Chin Swee Road,460 sqft / $5.43 psf(Built),"$2,500"
Circuit Road,300 sqft / $10.00 psf(Built),"$3,000"
Tanjong Pagar Road,"1,525 sqft / $5.02 psf(Built)","$7,650"
Tras Street,"1,900 sqft / $5.16 psf(Built)","$9,800"
Tras Street,"1,800 sqft / $5.44 psf(Built)","$9,800"
Yishun Street 11,400 sqft / $17.50 psf(Built),"$7,000"
Neil Road,"4,000 sqft / $6.25 psf(Built)","$25,000"
Little India Conservation Area,"1,000 sqft / $3.39 psf(Built)","$3,388"
Bedok North Street 4,"4,596 sqft / $4.13 psf(Built)","$19,000"
26 Jalan Membina,170 sqft / $17.65 psf(Built),"$3,000"
Owen Road,750 sqft / $5.33 psf(Built),"$4,000"
Upper East Coast Road,"2,530 sqft / $5.14 psf(Built)","$13,000"
Tiong Bahru Orchid,"1,765 sqft / $10.20 psf(Built)","$18,000"
Exeter Road,"3,974 sqft / $11.98 psf(Built)","$47,600"
Yio Chu Kang Road,"1,000 sqft / $3.50 psf(Built)","$3,500"
Jurong West Street 51,"1,500 sqft / $12.00 psf(Built)","$18,000"
Tiong Bahru Road,915 sqft / $19.13 psf(Built),"$17,500"
Bukit Timah Road,"2,500 sqft / $7.20 psf(Built)","$18,000"
Clementi Avenue 3,400 sqft / $32.25 psf(Built),"$12,900"
Lorong 35 Geylang,829 sqft / $6.03 psf(Built),"$5,000"
Ubi Road 4,"3,223 sqft / $4.80 psf(Built)","$15,469"
Jurong Gateway Road,"6,897 sqft / $5.00 psf(Built)","$34,495"
Orchard Road,"1,100 sqft / $11.00 psf(Built)","$12,100"
Tanjong Pagar Road,"2,600 sqft / $14.62 psf(Built)","$37,999"
Tanjong Pagar Road,"1,300 sqft / $13.85 psf(Built)","$18,000"
Tras Street,"1,600 sqft / $5.38 psf(Built)","$8,600"
Tanjong Pagar Road,"1,165 sqft / $6.00 psf(Built)","$6,988"
Keong Saik Road,"4,000 sqft / $8.22 psf(Built)","$32,888"
Tanjong Pagar Road,"2,200 sqft / $9.68 psf(Built)","$21,300"
Duxton Road,"1,300 sqft / $5.00 psf(Built)","$6,500"
Telok Ayer Conservation Area,"6,149 sqft / $8.13 psf(Built)","$49,999"
Tanjong Pagar Road,"1,100 sqft / $13.09 psf(Built)","$14,400"
Tanjong Pagar Road,"1,300 sqft / $15.38 psf(Built)","$20,000"
Tanjong Pagar Conservation Area,"3,954 sqft / $7.59 psf(Built)","$29,999"
Craig Road,"1,530 sqft / $12.09 psf(Built)","$18,499"
Tras Street,"2,000 sqft / $6.50 psf(Built)","$13,000"
Duxton Road,"2,100 sqft / $7.57 psf(Built)","$15,888"
Jurong East Street 24,"1,603 sqft / $4.37 psf(Built)","$7,000"
555 Ang Mo Kio Avenue 10,320 sqft / $10.63 psf(Built),"$3,400"
Clementi Avenue 2 Shopping Centre,"1,620 sqft / $4.81 psf(Built)","$7,800"
Bedok South Avenue 3,270 sqft / $27.78 psf(Built),"$7,500"
Kreta Ayer Conservation Area,970 sqft / $16.49 psf(Built),"$16,000"
Duxton Road,"1,300 sqft / $5.54 psf(Built)","$7,200"
Ang Mo Kio Avenue 4,320 sqft / $22.50 psf(Built),"$7,200"
Boat Quay Conservation Area,840 sqft / $14.29 psf(Built),"$12,000"
Desker Road,"1,000 sqft / $3.50 psf(Built)","$3,500"
Cheng San Centre,360 sqft / $13.89 psf(Built),"$5,000"
Hougang Avenue 1,400 sqft / $20.00 psf(Built),"$8,000"
Commonwealth Avenue West,400 sqft / $33.75 psf(Built),"$13,500"
Telok Ayer Conservation Area,"6,100 sqft / $8.20 psf(Built)","$50,000"
Telok Ayer Street,958 sqft / $19.31 psf(Built),"$18,500"
Telok Ayer Street,"1,603 sqft / $12.01 psf(Built)","$19,248"
Kreta Ayer Road,800 sqft / $6.00 psf(Built),"$4,800"
Ubi Avenue 1,750 sqft / $12.67 psf(Built),"$9,500"
Ubi Avenue 1,500 sqft / $12.40 psf(Built),"$6,200"
St. Georges Road,710 sqft / $7.75 psf(Built),"$5,500"
Orchard Road,492 sqft / $20.33 psf(Built),"$10,000"
Stirling Road,776 sqft / $5.41 psf(Built),"$4,200"
Geylang Road,"2,200 sqft / $4.09 psf(Built)","$9,000"
Joo Chiat Road,"2,200 sqft / $4.00 psf(Built)","$8,800"
St. Georges Road,400 sqft / $7.75 psf(Built),"$3,100"
Petain Rd/ Tyrwhitt Road Conservation Area,"3,600 sqft / $6.94 psf(Built)","$25,000"
New Bridge Road,269 sqft / $30.00 psf(Built),"$8,070"
Tanjong Pagar Road,"1,165 sqft / $6.00 psf(Built)","$6,990"
Wallich Street,151 sqft / $35.76 psf(Built),"$5,400"
One Raffles Place,"1,300 sqft / $20.00 psf(Built)","$26,000"
New Bridge Road,"2,000 sqft / $14.00 psf(Built)","$28,000"
Telok Ayer Street,"2,766 sqft / $12.65 psf(Built)","$35,000"
Telok Ayer Conservation Area,"1,645 sqft / $15.81 psf(Built)","$26,000"
Thomson Road,800 sqft / $13.75 psf(Built),"$11,000"
Bras Basah Road,"2,804 sqft / $16.41 psf(Built)","$46,000"
Geylang Conservation Area,"1,587 sqft / $3.90 psf(Built)","$6,188"
International Building,"1,136 sqft / $15.00 psf(Built)","$17,040"
Petain Rd/ Tyrwhitt Road Conservation Area,"3,600 sqft / $6.94 psf(Built)","$25,000"
Clementi Avenue 3,400 sqft / $33.75 psf(Built),"$13,500"
The Flow,"2,111 sqft / $4.50 psf(Built)","$9,500"
Little India Conservation Area,"1,000 sqft / $7.50 psf(Built)","$7,500"
Havelock Road,688 sqft / $15.99 psf(Built),"$11,000"
Race Course Road,"1,550 sqft / $8.90 psf(Built)","$13,800"
Race Course Road,"1,510 sqft / $10.46 psf(Built)","$15,800"
Springside Walk,750 sqft / $6.40 psf(Built),"$4,800"
Upper Boon Keng Road,700 sqft / $9.29 psf(Built),"$6,500"
Jurong East Street 13,200 sqft / $11.00 psf(Built),"$2,200"
Duxton Road,"1,300 sqft / $9.23 psf(Built)","$12,000"
Queensway Shopping Centre,130 sqft / $15.38 psf(Built),"$2,000"
Kampong Bahru Road,"2,400 sqft / $3.67 psf(Built)","$8,800"
Kampong Bahru Road,"3,500 sqft / $4.00 psf(Built)","$14,000"
Amoy Street,900 sqft / $10.00 psf(Built),"$9,000"
Telok Ayer Conservation Area,900 sqft / $10.00 psf(Built),"$9,000"
Tampines Industrial Crescent,"5,719 sqft / $3.60 psf(Built)","$20,588"
Stanley Street,"1,142 sqft / $11.82 psf(Built)","$13,500"
Purvis Street,"1,700 sqft / $7.06 psf(Built)","$12,000"
Tampines Industrial Crescent,"5,719 sqft / $3.60 psf(Built)","$20,588"
Hougang Avenue 1,500 sqft / $15.00 psf(Built),"$7,500"
Geylang Road,"2,850 sqft / $4.17 psf(Built)","$11,888"
Kreta Ayer Conservation Area,"1,100 sqft / $10.00 psf(Built)","$11,000"
Jalan Besar,667 sqft / $9.00 psf(Built),"$6,000"
Geylang Road,250 sqft / $12.00 psf(Built),"$3,000"
Telok Ayer Conservation Area,958 sqft / $19.31 psf(Built),"$18,500"
East Coast Road,"1,500 sqft / $2.67 psf(Built)","$4,000"
Lavender Street,"6,000 sqft / $5.00 psf(Built)","$30,000"
Temasek Boulevard,"6,700 sqft / $8.96 psf(Built)","$60,000"
Whampoa Drive,30 sqft / $116.67 psf(Built),"$3,500"
Science Park Road,"4,172 sqft / $4.79 psf(Built)","$19,999"
Bedok South Avenue 3,721 sqft / $8.32 psf(Built),"$6,000"
Woodlands Street 32,31 sqft / $90.32 psf(Built),"$2,800"
Clementi Avenue 2 Shopping Centre,712 sqft / $9.83 psf(Built),"$7,000"
Telok Ayer Conservation Area,"2,050 sqft / $5.85 psf(Built)","$12,000"
Boat Quay,"1,743 sqft / $4.30 psf(Built)","$7,500"
Bukit Timah Road,905 sqft / $16.57 psf(Built),"$15,000"
Owen Road,100 sqft / $30.00 psf(Built),"$3,000"
Yishun Ring Road,"1,499 sqft / $13.34 psf(Built)","$20,000"
New Bridge Road,"1,373 sqft / $8.01 psf(Built)","$11,000"
Telok Ayer Conservation Area,"6,150 sqft / $8.13 psf(Built)","$50,000"
Kreta Ayer Conservation Area,"1,082 sqft / $10.17 psf(Built)","$11,000"
Kreta Ayer Conservation Area,"1,082 sqft / $10.17 psf(Built)","$11,000"
South Bridge Road,"2,102 sqft / $11.89 psf(Built)","$25,000"
South Bridge Road,"2,184 sqft / $8.24 psf(Built)","$18,000"
East Coast Road,"1,435 sqft / $8.99 psf(Built)","$12,900"
North Bridge Road,"1,700 sqft / $8.82 psf(Built)","$15,000"
Bedok Reservoir Road,700 sqft / $9.29 psf(Built),"$6,500"
Yishun Ring Road,720 sqft / $26.39 psf(Built),"$19,000"
High Street Plaza,710 sqft / $10.99 psf(Built),"$7,800"
Orchard Road,"1,829 sqft / $11.00 psf(Built)","$20,119"
Kerbau Road,"1,000 sqft / $7.50 psf(Built)","$7,500"
North Bridge Road,"1,500 sqft / $8.67 psf(Built)","$13,000"
High Street Plaza,710 sqft / $10.99 psf(Built),"$7,800"
China Square Food Centre,"3,875 sqft / $9.01 psf(Built)","$34,930"
Tanjong Pagar Conservation Area,"1,216 sqft / $7.24 psf(Built)","$8,800"
Blair Plain Conservation Area,"3,500 sqft / $4.00 psf(Built)","$14,000"
Blair Plain Conservation Area,"1,100 sqft / $5.91 psf(Built)","$6,500"
Bedok North Street 1,400 sqft / $15.00 psf(Built),"$6,000"
South Bridge Road,"9,487 sqft / $6.32 psf(Built)","$60,000"
Telok Ayer Street,900 sqft / $10.00 psf(Built),"$8,999"
New Bridge Road,"1,100 sqft / $9.09 psf(Built)","$10,000"
Pasir Panjang Gardens,979 sqft / $6.13 psf(Built),"$6,000"
Bukit Pasoh Conservation Area,"1,830 sqft / $16.39 psf(Built)","$30,000"
Telok Ayer Conservation Area,"1,645 sqft / $15.81 psf(Built)","$26,000"
Bukit Pasoh Conservation Area,"1,369 sqft / $16.80 psf(Built)","$23,000"
NeWest,312 sqft / $4.81 psf(Built),"$1,500"
East Coast Road,"1,500 sqft / $2.67 psf(Built)","$4,000"
MAJU AVENUE,207 sqft / $23.19 psf(Built),"$4,800"
Jurong East Street 31,240 sqft / $20.83 psf(Built),"$5,000"
Yishun Central 1,250 sqft / $12.00 psf(Built),"$3,000"
Serangoon Avenue 3,210 sqft / $16.67 psf(Built),"$3,500"
Telok Ayer Street,958 sqft / $19.31 psf(Built),"$18,500"
Amoy Street,"1,130 sqft / $7.00 psf(Built)","$7,910"
Little India Conservation Area,"1,379 sqft / $5.80 psf(Built)","$8,000"
New Upper Changi Road,530 sqft / $16.98 psf(Built),"$9,000"
Sago Street,"1,866 sqft / $5.25 psf(Built)","$9,800"
Bedok North Street 1,750 sqft / $18.00 psf(Built),"$13,500"
Bishan North Shopping Mall,189 sqft / $21.16 psf(Built),"$4,000"
Amoy Street,"1,023 sqft / $7.20 psf(Built)","$7,366"
Telok Blangah Rise,740 sqft / $8.78 psf(Built),"$6,500"
Science Park Road,"4,955 sqft / $4.02 psf(Built)","$19,900"
Jalan Bukit Merah,872 sqft / $3.90 psf(Built),"$3,400"
East Coast Road,"1,792 sqft / $7.81 psf(Built)","$14,000"
Hongkong Street,"2,992 sqft / $7.35 psf(Built)","$22,000"
Boat Quay Conservation Area,"1,535 sqft / $5.86 psf(Built)","$9,000"
Lavender Street,688 sqft / $11.05 psf(Built),"$7,600"
Desker Road,"1,000 sqft / $3.50 psf(Built)","$3,500"
Buffalo Road,960 sqft / $12.19 psf(Built),"$11,700"
East Coast Road,"1,500 sqft / $5.33 psf(Built)","$8,000"
MARINE PARADE CENTRAL,"1,779 sqft / $10.50 psf(Built)","$18,680"
Desker Road Conservation Area,"1,238 sqft / $3.88 psf(Built)","$4,800"
Boat Quay Conservation Area,"1,400 sqft / $5.36 psf(Built)","$7,500"
Kerbau Road,"2,500 sqft / $6.40 psf(Built)","$16,000"
Little India Conservation Area,"1,300 sqft / $2.31 psf(Built)","$3,000"
Ghim Moh Road,160 sqft / $28.13 psf(Built),"$4,500"
North Buona Vista Drive,"1,100 sqft / $12.00 psf(Built)","$13,200"
Tampines Street 44,200 sqft / $12.50 psf(Built),"$2,500"
Raffles Quay,"2,000 sqft / $12.00 psf(Built)","$24,000"
Purvis Street,"1,850 sqft / $9.73 psf(Built)","$18,000"
Clementi West Street 2,720 sqft / $7.22 psf(Built),"$5,200"
The Arcade,291 sqft / $17.18 psf(Built),"$5,000"
Club Street,"1,250 sqft / $7.04 psf(Built)","$8,800"
Chai Chee Road,750 sqft / $6.67 psf(Built),"$5,000"
Vision Exchange,388 sqft / $9.02 psf(Built),"$3,500"
Vision Exchange,765 sqft / $8.89 psf(Built),"$6,800"
Joo Chiat Road,550 sqft / $7.00 psf(Built),"$3,850"
The Arcade,260 sqft / $13.46 psf(Built),"$3,500"
Clifford Centre,383 sqft / $20.00 psf(Built),"$7,660"
Robinson Road,"1,205 sqft / $15.01 psf(Built)","$18,085"
Jalan Besar,"1,200 sqft / $4.17 psf(Built)","$5,000"
Geylang Road,"2,400 sqft / $7.00 psf(Built)","$16,800"
Tanjong Pagar Conservation Area,"1,600 sqft / $5.38 psf(Built)","$8,600"
Jalan Berseh,300 sqft / $8.67 psf(Built),"$2,600"
International Building,365 sqft / $20.27 psf(Built),"$7,400"
International Plaza,176 sqft / $25.57 psf(Built),"$4,500"
Duxton Road,"1,950 sqft / $10.26 psf(Built)","$20,000"
Coleman Street,"1,465 sqft / $6.08 psf(Built)","$8,900"
Veerasamy Road,"2,000 sqft / $3.50 psf(Built)","$7,000"
Carlisle Road,800 sqft / $7.88 psf(Built),"$6,300"
Broadrick Road,270 sqft / $27.78 psf(Built),"$7,500"
Shelford Road,463 sqft / $6.05 psf(Built),"$2,800"
MAJU AVENUE,"1,369 sqft / $19.72 psf(Built)","$27,000"
Fnb approved Geylang Rd shophouse,"1,150 sqft / $6.96 psf(Built)","$7,999"
Changi Road,500 sqft / $4.00 psf(Built),"$2,000"
Bukit Merah Lane 1,342 sqft / $6.43 psf(Built),"$2,200"
Sims Avenue,"1,500 sqft / $6.33 psf(Built)","$9,500"
Aliwal Street,"1,640 sqft / $4.45 psf(Built)","$7,300"
Clementi Avenue 3,350 sqft / $32.86 psf(Built),"$11,500"
Raeburn Park,"5,000 sqft / $6.50 psf(Built)","$32,500"
Kallang Bahru,"2,612 sqft / $6.00 psf(Built)","$15,676"
Little India Conservation Area,700 sqft / $5.71 psf(Built),"$3,999"
Orchard Road,"5,000 sqft / $11.60 psf(Built)","$58,000"
Stevens Road,"1,367 sqft / $10.97 psf(Built)","$15,000"
Clementi Avenue 3,370 sqft / $22.43 psf(Built),"$8,300"
Veerasamy Road,"1,000 sqft / $4.00 psf(Built)","$4,000"
Boat Quay Conservation Area,"1,000 sqft / $6.00 psf(Built)","$6,000"
Bedok North Street 1,300 sqft / $23.33 psf(Built),"$7,000"
Bedok North Street 1,750 sqft / $18.00 psf(Built),"$13,500"
Pekin Street,"4,068 sqft / $6.50 psf(Built)","$26,442"
Bukit Batok Street 52,330 sqft / $6.97 psf(Built),"$2,300"
Telok Ayer Conservation Area,800 sqft / $10.63 psf(Built),"$8,500"
China Square Central,"3,900 sqft / $6.50 psf(Built)","$25,350"
The Bencoolen,"2,440 sqft / $5.50 psf(Built)","$13,420"
Bt Centre,"21,600 sqft / $5.00 psf(Built)","$108,000"
Serangoon Road,"8,900 sqft / $3.60 psf(Built)","$32,000"
City Square Mall,"8,900 sqft / $3.60 psf(Built)","$32,000"
Queen Street,"1,916 sqft / $8.35 psf(Built)","$16,000"
Tyrwhitt Road,"1,162 sqft / $8.18 psf(Built)","$9,500"
People's Park Complex,"2,175 sqft / $11.95 psf(Built)","$26,000"
Tai Thong Crescent,"1,620 sqft / $5.56 psf(Built)","$9,000"
Ang Mo Kio Avenue 8,150 sqft / $28.67 psf(Built),"$4,300"
Jalan Besar,"2,098 sqft / $9.53 psf(Built)","$20,000"
Turf Club Road,"2,100 sqft / $6.19 psf(Built)","$13,000"
Duxton Road,"1,300 sqft / $8.46 psf(Built)","$11,000"
Bedok North Street 1,750 sqft / $18.00 psf(Built),"$13,500"
New Bridge Road,"2,510 sqft / $9.96 psf(Built)","$25,000"
Bukit Pasoh Conservation Area,"1,369 sqft / $18.26 psf(Built)","$25,000"
The Arcade,312 sqft / $22.44 psf(Built),"$7,000"
Kreta Ayer Conservation Area,"3,500 sqft / $10.25 psf(Built)","$35,888"
Mackenzie Regency,603 sqft / $5.22 psf(Built),"$3,150"
Norris Road,"1,800 sqft / $3.61 psf(Built)","$6,500"
Ang Mo Kio Avenue 8,"1,634 sqft / $2876.38 psf(Built)","$4,700,000"
Ang Mo Kio Avenue 6,"1,800 sqft / $9.33 psf(Built)","$16,800"
Jurong West Street 41,"1,700 sqft / $2.94 psf(Built)","$5,000"
Balestier Road,"1,100 sqft / $8.80 psf(Built)","$9,680"
Jalan Besar,"1,200 sqft / $4.33 psf(Built)","$5,200"
Jurong Gateway Road,"1,200 sqft / $10.00 psf(Built)","$12,000"
JK Building,780 sqft / $5.38 psf(Built),"$4,200"
Sims Avenue,"2,100 sqft / $4.43 psf(Built)","$9,300"
Ang Mo Kio Avenue 10,721 sqft / $3.74 psf(Built),"$2,700"
Bedok North Street 1,750 sqft / $18.47 psf(Built),"$13,850"
Clementi Avenue 3,"1,150 sqft / $13.00 psf(Built)","$14,950"
Pasir Panjang Gardens,379 sqft / $8.71 psf(Built),"$3,300"
Monville Mansions,"2,347 sqft / $4.05 psf(Built)","$9,500"
Clementi Avenue 3,320 sqft / $28.13 psf(Built),"$9,000"
Bukit Merah Central,"3,800 sqft / $6.84 psf(Built)","$26,000"
JK Building,780 sqft / $4.87 psf(Built),"$3,800"
Clementi Avenue 3,305 sqft / $39.02 psf(Built),"$11,900"
Haji Lane,"1,155 sqft / $7.71 psf(Built)","$8,900"
Woodlands Street 32,301 sqft / $8.97 psf(Built),"$2,700"
Yishun Avenue 5,301 sqft / $24.92 psf(Built),"$7,500"
Woodlands Street 32,333 sqft / $8.11 psf(Built),"$2,700"
Woodlands Street 32,93 sqft / $68.82 psf(Built),"$6,400"
Yishun Street 72,720 sqft / $6.94 psf(Built),"$5,000"
Hongkong Street,"4,455 sqft / $4.49 psf(Built)","$20,000"
Bedok North Street 1,750 sqft / $18.40 psf(Built),"$13,800"
Bukit Merah View,"2,000 sqft / $7.90 psf(Built)","$15,800"
Temple Street,972 sqft / $8.23 psf(Built),"$8,000"
214 Bedok North Street 1,750 sqft / $18.00 psf(Built),"$13,500"
Cuff Road,"2,059 sqft / $4.86 psf(Built)","$10,000"
Jurong Gateway,"1,650 sqft / $12.12 psf(Built)","$20,000"
Jurong East Street 31,"1,895 sqft / $8.97 psf(Built)","$17,000"
Tiong Bahru Orchid,"2,498 sqft / $7.21 psf(Built)","$18,000"
Carpenter Street,"3,079 sqft / $6.50 psf(Built)","$20,000"
Carpenter Street,"4,349 sqft / $6.51 psf(Built)","$28,300"
BUKIT PASOH EXTNSN CONSTN AREA,936 sqft / $19.23 psf(Built),"$18,000"
Yio Chu Kang Road,"1,865 sqft / $5.09 psf(Built)","$9,500"
